Date,Mood
2025-03-10 03:39:16.761764,Happy
2025-03-9 01:17:14.869182,Happy
2025-03-9 01:17:14.869182,Happy
2025-03-9 01:17:14.869182,Happy
2025-03-9 01:17:14.869182,Happy
2025-03-9 01:17:14.869182,Happy
2025-03-9 01:17:14.869182,Happy
2025-03-9 01:17:14.869182,Happy
2025-03-9 01:17:14.869182,Happy
2025-03-9 01:17:14.869182,Happy
2025-03-8 01:17:14.869182,Sad
2025-03-8 01:17:14.869182,Sad
2025-03-7 01:17:14.869182,Angry





2025-03-10 03:41:37.579895,Neutral
2025-03-10 03:43:12.297108,Neutral
